,1.033,7.70,7.70,-99.00
,1.273,7.66,7.66,-99.00
,1.523,7.62,7.62,-99.00
,1.773,7.60,7.60,-99.00
,2.000,7.56,7.56,-99.00
,2.282,7.52,7.52,-99.00
,2.517,7.48,7.48,-99.00
,2.788,7.46,7.46,-99.00
,3.000,7.43,7.43,-99.00
,3.267,7.39,7.39,-99.00
,3.530,7.36,7.36,-99.00
,3.755,7.34,7.34,-99.00
,4.000,7.31,7.31,-99.00
,4.258,7.28,7.28,-99.00
,4.515,7.26,7.26,-99.00
,4.776,7.24,7.24,-99.00
,5.000,7.22,7.22,-99.00
,5.281,7.21,7.21,-99.00
,5.518,7.19,7.19,-99.00
,5.779,7.19,7.19,-99.00
,6.000,7.16,7.16,-99.00
,6.252,7.14,7.14,-99.00
,6.506,7.12,7.12,-99.00
,6.764,7.10,7.10,-99.00
,7.000,6.93,6.93,-99.00
,7.254,6.48,6.48,-99.00
,7.504,6.05,6.05,-99.00
,7.760,5.72,5.72,-99.00
,8.000,5.48,5.48,-99.00
,8.262,5.29,5.29,-99.00
,8.513,5.09,5.09,-99.00
,8.756,4.93,4.93,-99.00
,9.000,4.77,4.77,-99.00
,9.267,4.59,4.59,-99.00
,9.512,4.43,4.43,-99.00
,9.771,4.27,4.27,-99.00
,10.000,3.88,3.88,-99.00
,10.265,3.33,3.33,-99.00
,10.505,2.73,2.73,-99.00
,10.755,2.43,2.43,-99.00
,11.000,2.34,2.34,-99.00
,11.253,2.30,2.30,-99.00
,11.508,2.29,2.29,-99.00
,11.756,2.31,2.31,-99.00
,12.000,2.35,2.35,-99.00
,12.270,2.38,2.38,-99.00
,12.519,2.42,2.42,-99.00
,12.750,2.45,2.45,-99.00
,13.000,2.49,2.49,-99.00
,13.277,2.55,2.55,-99.00
,13.531,2.60,2.60,-99.00
,13.755,2.63,2.63,-99.00
,14.000,2.66,2.66,-99.00
,14.257,2.67,2.67,-99.00
,14.510,2.68,2.68,-99.00
,14.766,2.70,2.70,-99.00
,15.000,2.70,2.70,-99.00
,15.253,2.71,2.71,-99.00
,15.505,2.72,2.72,-99.00
,15.761,2.71,2.71,-99.00
,16.000,2.70,2.70,-99.00
,16.257,2.69,2.69,-99.00
,16.514,2.67,2.67,-99.00
,16.776,2.64,2.64,-99.00
,17.000,2.61,2.61,-99.00
,17.259,2.56,2.56,-99.00
,17.513,2.50,2.50,-99.00
,17.764,2.46,2.46,-99.00
,18.000,2.46,2.46,-99.00
,18.273,2.48,2.48,-99.00
,18.506,2.54,2.54,-99.00
,18.770,2.64,2.64,-99.00
,19.000,2.74,2.74,-99.00
,19.252,2.79,2.79,-99.00
,19.501,2.82,2.82,-99.00
,19.780,2.84,2.84,-99.00
,20.000,2.87,2.87,-99.00
,20.269,2.89,2.89,-99.00
,20.510,2.92,2.92,-99.00
,20.755,2.96,2.96,-99.00
,21.000,3.01,3.01,-99.00
,21.280,3.07,3.07,-99.00
,21.531,3.12,3.12,-99.00
,21.781,3.15,3.15,-99.00
,22.000,3.17,3.17,-99.00
,22.263,3.19,3.19,-99.00
,22.528,3.22,3.22,-99.00
,22.756,3.25,3.25,-99.00
,23.000,3.25,3.25,-99.00
,23.267,3.23,3.23,-99.00
,23.503,3.21,3.21,-99.00
,23.770,3.19,3.19,-99.00
,24.000,3.22,3.22,-99.00
,24.261,3.30,3.30,-99.00
,24.512,3.40,3.40,-99.00
,24.764,3.48,3.48,-99.00
,25.000,3.54,3.54,-99.00
,25.267,3.59,3.59,-99.00
,25.504,3.63,3.63,-99.00
,25.768,3.73,3.73,-99.00
,26.000,3.76,3.76,-99.00
,26.258,3.78,3.78,-99.00
,26.505,3.81,3.81,-99.00
,26.770,3.93,3.93,-99.00
,27.000,3.99,3.99,-99.00
,27.267,4.03,4.03,-99.00
,27.515,4.11,4.11,-99.00
,27.767,4.15,4.15,-99.00
,28.000,4.17,4.17,-99.00
,28.254,4.17,4.17,-99.00
,28.513,4.09,4.09,-99.00
,28.776,4.02,4.02,-99.00
,29.000,3.98,3.98,-99.00
,29.263,3.95,3.95,-99.00
,29.521,3.84,3.84,-99.00
,29.758,3.72,3.72,-99.00
,30.000,3.62,3.62,-99.00
,30.258,3.56,3.56,-99.00
,30.520,3.51,3.51,-99.00
,30.763,3.47,3.47,-99.00
,31.000,3.46,3.46,-99.00
,31.265,3.46,3.46,-99.00
,31.503,3.48,3.48,-99.00
,31.773,3.51,3.51,-99.00
,32.000,3.56,3.56,-99.00
,32.252,3.64,3.64,-99.00
,32.504,3.74,3.74,-99.00
,32.755,3.91,3.91,-99.00
,33.000,4.00,4.00,-99.00
,33.251,4.09,4.09,-99.00
,33.525,4.18,4.18,-99.00
,33.769,4.25,4.25,-99.00
,34.000,4.32,4.32,-99.00
,34.254,4.37,4.37,-99.00
,34.508,4.39,4.39,-99.00
,34.764,4.40,4.40,-99.00
,35.000,4.42,4.42,-99.00
,35.264,4.42,4.42,-99.00
,35.526,4.41,4.41,-99.00
,35.755,4.40,4.40,-99.00
,36.000,4.39,4.39,-99.00
,36.258,4.37,4.37,-99.00
,36.511,4.33,4.33,-99.00
,36.758,4.30,4.30,-99.00
,37.000,4.28,4.28,-99.00
,37.264,4.25,4.25,-99.00
,37.513,4.20,4.20,-99.00
,37.765,4.16,4.16,-99.00
,38.000,4.12,4.12,-99.00
,38.263,4.10,4.10,-99.00
,38.506,4.10,4.10,-99.00
,38.769,4.12,4.12,-99.00
,39.000,4.14,4.14,-99.00
,39.266,4.18,4.18,-99.00
,39.509,4.18,4.18,-99.00
,39.765,4.14,4.14,-99.00
,40.000,4.12,4.12,-99.00
,40.257,4.08,4.08,-99.00
,40.509,4.07,4.07,-99.00
,40.753,4.13,4.13,-99.00
,41.000,4.26,4.26,-99.00
,41.253,4.31,4.28,4.68
,41.511,4.34,4.30,4.78
,41.761,4.45,4.39,5.12
,42.000,4.61,4.55,5.26
,42.255,4.75,4.75,-99.00
,42.510,4.90,4.90,-99.00
,42.754,5.07,5.07,-99.00
,43.000,5.26,5.26,-99.00
,43.254,5.42,5.42,-99.00
,43.502,5.51,5.51,-99.00
,43.761,5.60,5.60,-99.00
,44.000,5.70,5.70,-99.00
,44.250,5.77,5.77,-99.00
,44.504,5.77,5.77,-99.00
,44.753,5.79,5.79,-99.00
,45.000,5.84,5.84,-99.00
,45.262,5.86,5.86,-99.00
,45.512,5.81,5.81,-99.00
,45.757,5.81,5.81,-99.00
,46.000,5.83,5.83,-99.00
,46.255,5.83,5.83,-99.00
,46.509,5.75,5.75,-99.00
,46.764,5.73,5.73,-99.00
,47.000,5.75,5.75,-99.00
,47.252,5.71,5.71,-99.00
,47.506,5.65,5.65,-99.00
,47.758,5.62,5.62,-99.00
,48.000,5.61,5.61,-99.00
,48.267,5.57,5.57,5.58
,48.504,5.52,5.52,5.56
,48.753,5.52,5.52,5.73
,49.000,5.56,5.56,5.68
,49.250,5.59,5.59,-99.00
,49.504,5.56,5.56,-99.00
,49.756,5.57,5.57,-99.00
,50.000,5.58,5.58,-99.00
,50.257,5.57,5.57,-99.00
,50.518,5.54,5.54,-99.00
,50.753,5.54,5.54,-99.00
,51.000,5.55,5.55,-99.00
,51.255,5.57,5.57,-99.00
,51.511,5.55,5.55,-99.00
,51.764,5.55,5.55,-99.00
,52.000,5.57,5.57,-99.00
,52.255,5.55,5.55,-99.00
,52.512,5.51,5.51,-99.00
,52.762,5.49,5.49,-99.00
,53.000,5.50,5.50,-99.00
,53.261,5.43,5.43,-99.00
,53.504,5.38,5.38,-99.00
,53.765,5.34,5.34,-99.00
,54.000,5.29,5.29,-99.00
,54.254,5.19,5.19,-99.00
,54.510,5.10,5.10,-99.00
,54.758,5.05,5.05,-99.00
,55.000,5.01,5.01,-99.00
,55.274,4.90,4.90,-99.00
,55.524,4.83,4.83,-99.00
,55.763,4.79,4.79,-99.00
,56.000,4.75,4.75,-99.00
,56.268,4.70,4.70,-99.00
,56.517,4.64,4.64,-99.00
,56.765,4.60,4.60,-99.00
,57.000,4.57,4.57,-99.00
,57.274,4.56,4.56,-99.00
,57.519,4.57,4.57,-99.00
,57.757,4.57,4.57,-99.00
,58.000,4.61,4.61,-99.00
,58.255,4.68,4.68,-99.00
,58.515,4.72,4.72,-99.00
,58.770,4.74,4.74,-99.00
,59.000,4.78,4.78,-99.00
,59.258,4.82,4.82,-99.00
,59.518,4.80,4.80,-99.00
,59.774,4.79,4.79,-99.00
,60.000,4.79,4.79,-99.00
,60.251,4.79,4.79,-99.00
,60.506,4.74,4.74,-99.00
,60.755,4.70,4.70,-99.00
,61.000,4.67,4.67,-99.00
,61.256,4.62,4.62,-99.00
,61.517,4.55,4.55,-99.00
,61.775,4.50,4.50,-99.00
,62.000,4.45,4.45,-99.00
,62.260,4.37,4.37,-99.00
,62.520,4.30,4.30,-99.00
,62.770,4.26,4.26,-99.00
,63.000,4.22,4.22,-99.00
,63.262,4.15,4.15,-99.00
,63.515,4.10,4.10,-99.00
,63.760,4.09,4.09,-99.00
,64.000,4.11,4.11,-99.00
,64.268,4.15,4.15,-99.00
,64.510,4.18,4.18,-99.00
,64.781,4.21,4.21,-99.00
,65.000,4.26,4.26,-99.00
,65.266,4.34,4.34,-99.00
,65.501,4.41,4.41,-99.00
,65.763,4.47,4.47,-99.00
,66.000,4.54,4.54,-99.00
,66.278,4.63,4.63,-99.00
,66.528,4.71,4.71,-99.00
,66.773,4.78,4.78,-99.00
,67.000,4.84,4.84,-99.00
,67.255,4.89,4.89,-99.00
,67.511,4.95,4.95,-99.00
,67.760,5.00,5.00,-99.00
,68.000,5.04,5.04,-99.00
,68.253,5.05,5.05,-99.00
,68.509,5.06,5.06,-99.00
,68.756,5.06,5.06,-99.00
,69.000,5.06,5.06,-99.00
,69.283,5.06,5.06,-99.00
,69.532,5.06,5.06,-99.00
,69.773,5.05,5.05,-99.00
,70.000,5.05,5.05,-99.00
,70.276,5.05,5.05,-99.00
,70.518,5.05,5.05,-99.00
,70.750,5.04,5.04,-99.00
,71.000,5.01,5.01,-99.00
,71.264,4.99,4.99,-99.00
,71.531,4.98,4.98,-99.00
,71.753,4.96,4.96,-99.00
,72.000,4.96,4.96,-99.00
,72.263,4.95,4.95,-99.00
,72.529,4.97,4.97,-99.00
,72.751,5.01,5.01,-99.00
,73.000,5.06,5.06,-99.00
,73.256,5.15,5.15,-99.00
,73.513,5.23,5.23,-99.00
,73.763,5.29,5.29,-99.00
,74.000,5.36,5.36,-99.00
,74.279,5.45,5.45,-99.00
,74.514,5.54,5.54,-99.00
,74.760,5.63,5.63,-99.00
,75.000,5.73,5.73,-99.00
,75.251,5.97,5.97,-99.00
,75.521,6.16,6.16,-99.00
,75.760,6.29,6.29,-99.00
,76.000,6.39,6.39,-99.00
,76.261,6.58,6.58,-99.00
,76.521,6.74,6.74,-99.00
,76.771,6.88,6.88,-99.00
,77.000,7.01,7.01,-99.00
,77.258,7.18,7.18,-99.00
,77.515,7.31,7.31,-99.00
,77.760,7.44,7.44,-99.00
,78.000,7.55,7.55,-99.00
,78.254,7.68,7.68,-99.00
,78.501,7.80,7.80,-99.00
,78.757,7.88,7.88,-99.00
,79.000,7.97,7.97,-99.00
,79.264,8.05,8.05,-99.00
,79.515,8.13,8.13,-99.00
,79.761,8.19,8.19,-99.00
,80.000,8.25,8.25,-99.00
,80.271,8.29,8.29,-99.00
,80.510,8.33,8.33,-99.00
,80.766,8.36,8.36,-99.00
,81.000,8.38,8.38,-99.00
,81.272,8.39,8.39,-99.00
,81.517,8.38,8.38,-99.00
,81.751,8.37,8.37,-99.00
,82.000,8.34,8.34,-99.00
,82.270,8.30,8.30,-99.00
,82.511,8.25,8.25,-99.00
,82.763,8.19,8.19,-99.00
,83.000,8.14,8.14,-99.00
,83.256,8.08,8.08,-99.00
,83.511,8.03,8.03,-99.00
,83.757,7.98,7.98,-99.00
,84.000,7.94,7.94,-99.00
,84.254,7.95,7.95,-99.00
,84.501,7.98,7.98,-99.00
,84.753,8.04,8.04,-99.00
,85.000,8.13,8.13,-99.00
,85.263,8.22,8.22,-99.00
,85.501,8.28,8.28,-99.00
,85.762,8.35,8.35,-99.00
,86.000,8.40,8.40,-99.00
,86.268,8.43,8.43,-99.00
,86.509,8.45,8.45,-99.00
,86.759,8.46,8.46,-99.00
,87.000,8.47,8.47,-99.00
,87.260,8.45,8.45,-99.00
,87.515,8.42,8.42,-99.00
,87.757,8.42,8.42,-99.00
,88.000,8.45,8.45,-99.00
,88.268,8.53,8.53,-99.00
,88.510,8.53,8.53,-99.00
,88.758,8.51,8.51,-99.00
,89.000,8.48,8.48,-99.00
,89.256,8.41,8.41,-99.00
,89.502,8.29,8.29,-99.00
,89.759,8.13,8.13,-99.00
,90.000,7.99,7.99,-99.00
,90.251,7.81,7.81,-99.00
,90.513,7.64,7.64,-99.00
,90.754,7.60,7.60,-99.00
,91.000,7.72,7.72,-99.00
,91.254,7.91,7.91,-99.00
,91.504,8.10,8.10,-99.00
,91.756,8.31,8.31,-99.00
,92.000,8.49,8.49,-99.00
,92.255,8.65,8.65,-99.00
,92.510,8.76,8.76,-99.00
,92.755,8.83,8.83,-99.00
,93.000,8.88,8.88,-99.00
,93.259,8.91,8.72,9.27
,93.502,8.81,8.67,9.10
,93.763,8.82,8.65,9.15
,94.000,8.79,8.63,9.10
,94.264,8.75,8.62,8.99
,94.505,8.73,8.61,8.93
,94.755,8.78,8.63,9.07
,95.000,8.79,8.64,9.05
,95.253,8.77,8.64,8.97
,95.518,8.76,8.64,8.96
,95.758,8.79,8.64,9.04
,96.000,8.75,8.64,8.94
,96.266,8.71,8.62,8.84
,96.510,8.71,8.60,8.87
,96.759,8.75,8.58,9.00
,97.000,8.66,8.54,8.84
,97.265,8.57,8.49,8.70
,97.500,8.55,8.43,8.74
,97.757,8.55,8.37,8.84
,98.000,8.45,8.30,8.67
,98.263,8.36,8.22,8.54
,98.502,8.32,8.15,8.57
,98.751,8.31,8.06,8.65
,99.000,8.20,7.98,8.51
,99.263,8.14,7.90,8.45
,99.501,8.15,7.83,8.55
,99.766,8.19,7.77,8.73
,100.000,8.12,7.73,8.63
,100.260,8.09,7.70,8.61
,100.517,8.12,7.68,8.70
,100.765,8.14,7.67,8.76
,101.000,8.06,7.67,8.58
,101.264,8.01,7.67,8.44
,101.503,8.02,7.66,8.47
,101.751,8.07,7.66,8.58
,102.000,8.00,7.66,8.43
,102.261,7.99,7.66,8.41
,102.516,8.09,7.66,8.61
,102.759,8.19,7.68,8.81
,103.000,8.15,7.71,8.69
,103.261,8.16,7.74,8.63
,103.500,8.22,7.78,8.72
,103.752,8.31,7.83,8.85
,104.000,8.29,7.88,8.74
,104.268,8.30,7.94,8.72
,104.511,8.42,8.01,8.88
,104.758,8.56,8.07,9.12
,105.000,8.57,8.15,9.06
,105.254,8.64,8.26,9.09
,105.503,8.81,8.38,9.32
,105.762,9.05,8.50,9.69
,106.000,9.11,8.61,9.69
,106.251,9.16,8.69,9.65
,106.517,9.27,8.77,9.80
,106.750,9.43,8.82,10.06
,107.000,9.39,8.85,9.96
,107.265,9.35,8.88,9.87
,107.506,9.40,8.90,9.96
,107.757,9.49,8.91,10.13
,108.000,9.38,8.91,9.92
,108.265,9.31,8.91,9.81
,108.501,9.36,8.90,9.92
,108.764,9.44,8.88,10.14
,109.000,9.40,8.87,10.05
,109.254,9.41,8.86,10.03
,109.506,9.46,8.85,10.15
,109.767,9.56,8.86,10.35
,110.000,9.52,8.87,10.27
,110.261,9.49,8.89,10.27
,110.510,9.54,8.91,10.37
,110.762,9.63,8.92,10.58
,111.000,9.61,8.94,10.51
,111.250,9.59,8.95,10.43
,111.509,9.62,8.96,10.49
,111.756,9.73,8.99,10.72
,112.000,9.72,9.03,10.65
,112.261,9.66,9.07,10.54
,112.514,9.71,9.11,10.60
,112.759,9.85,9.17,10.86
,113.000,9.88,9.25,10.82
,113.256,9.84,9.32,10.76
,113.506,9.91,9.40,10.81
,113.763,10.04,9.51,10.97
,114.000,10.09,9.63,10.88
,114.253,10.10,9.71,10.76
,114.504,10.14,9.79,10.71
,114.751,10.24,9.90,10.80
,115.000,10.30,10.01,10.79
,115.253,10.31,10.08,10.71
,115.505,10.35,10.15,10.71
,115.763,10.53,10.26,10.99
,116.000,10.61,10.35,11.06
,116.255,10.62,10.41,10.98
,116.506,10.70,10.48,11.06
,116.762,10.89,10.57,11.41
,117.000,10.94,10.64,11.42
,117.260,10.93,10.66,11.31
,117.500,10.96,10.67,11.39
,117.761,11.09,10.69,11.68
,118.000,11.06,10.69,11.60
,118.266,10.98,10.67,11.44
,118.508,10.97,10.63,11.47
,118.766,10.96,10.57,11.54
,119.000,10.86,10.51,11.38
,119.259,10.79,10.44,11.27
,119.504,10.80,10.38,11.37
,119.765,10.89,10.34,11.65
,120.000,10.86,10.31,11.61
,120.261,10.79,10.29,11.53
,120.513,10.80,10.26,11.62
,120.751,10.89,10.26,11.84
,121.000,10.82,10.24,11.70
,121.252,10.71,10.21,11.53
,121.515,10.68,10.16,11.52
,121.752,10.74,10.14,11.70
,122.000,10.68,10.11,11.59
,122.253,10.59,10.09,11.43
,122.513,10.62,10.07,11.53
,122.760,10.77,10.09,11.91
,123.000,10.77,10.11,11.86
,123.261,10.73,10.16,11.72
,123.512,10.87,10.25,11.92
,123.752,11.07,10.37,12.26
,124.000,11.08,10.46,12.15
,124.252,11.07,10.54,12.00
,124.511,11.19,10.63,12.19
,124.758,11.37,10.73,12.50
,125.000,11.36,10.80,12.35
,125.258,11.31,10.87,12.24
,125.510,11.43,10.94,12.48
,125.753,11.60,11.03,12.79
,126.000,11.62,11.12,12.67
,126.255,11.65,11.23,12.61
,126.504,11.78,11.36,12.76
,126.759,11.93,11.48,12.96
,127.000,11.93,11.55,12.82
,127.255,11.94,11.59,12.71
,127.507,12.03,11.67,12.84
,127.751,12.16,11.75,13.09
,128.000,12.15,11.79,12.96
,128.261,12.15,11.82,12.89
,128.504,12.25,11.87,13.09
,128.753,12.40,11.96,13.39
,129.000,12.41,12.01,13.28
,129.256,12.41,12.02,13.13
,129.508,12.48,12.04,13.29
,129.765,12.60,12.09,13.54
,130.000,12.54,12.10,13.34
,130.259,12.46,12.07,13.08
,130.512,12.47,12.04,13.19
,130.757,12.53,12.00,13.38
,131.000,12.42,11.96,13.18
,131.255,12.30,11.90,12.91
,131.507,12.23,11.84,12.83
,131.755,12.22,11.76,12.93
,132.000,12.09,11.64,12.78
,132.252,11.91,11.51,12.57
,132.513,11.83,11.40,12.54
,132.751,11.85,11.34,12.68
,133.000,11.78,11.28,12.60
,133.256,11.71,11.23,12.44
,133.509,11.76,11.23,12.57
,133.757,11.89,11.26,12.86
,134.000,11.86,11.29,12.72
,134.255,11.81,11.36,12.65
,134.510,11.96,11.46,12.87
,134.757,12.17,11.59,13.24
,135.000,12.24,11.70,13.24
,135.258,12.33,11.81,13.26
,135.506,12.51,11.95,13.53
,135.760,12.71,12.07,13.85
,136.000,12.78,12.17,13.87
,136.258,12.87,12.32,13.94
,136.507,12.98,12.43,14.06
,136.761,13.08,12.51,14.19
,137.000,13.06,12.57,14.02
,137.262,13.02,12.66,13.92
,137.504,13.06,12.68,14.01
,137.754,13.13,12.70,14.22
,138.000,13.08,12.71,14.03
,138.257,13.03,12.68,13.80
,138.503,13.04,12.65,13.87
,138.759,13.09,12.63,14.08
,139.000,13.04,12.62,13.95
,139.251,13.02,12.59,13.83
,139.511,13.06,12.56,14.01
,139.763,13.13,12.56,14.22
,140.000,13.10,12.57,14.10
,140.251,13.07,12.61,14.12
,140.505,13.16,12.63,14.34
,140.762,13.23,12.65,14.52
,141.000,13.15,12.65,14.26
,141.253,13.08,12.63,14.06
,141.513,13.10,12.56,14.25
,141.763,13.08,12.48,14.38
,142.000,12.93,12.40,14.08
,142.261,12.86,12.32,14.04
,142.504,12.94,12.25,14.42
,142.753,12.97,12.19,14.64
,143.000,12.90,12.19,14.43
,143.264,12.97,12.23,14.57
,143.508,13.12,12.29,14.89
,143.759,13.25,12.40,15.07
,144.000,13.35,12.56,15.04
,144.253,13.49,12.74,15.21
,144.501,13.65,12.89,15.40
,144.756,13.80,13.03,15.56
,145.000,13.90,13.19,15.54
,145.261,14.03,13.32,15.53
,145.500,14.14,13.44,15.63
,145.759,14.24,13.54,15.73
,146.000,14.27,13.65,15.60
,146.260,14.32,13.76,15.58
,146.510,14.43,13.85,15.72
,146.764,14.49,13.91,15.81
,147.000,14.47,13.96,15.62
,147.256,14.50,13.99,15.52
,147.506,14.62,14.04,15.76
,147.762,14.74,14.10,16.01
,148.000,14.76,14.18,15.91
,148.251,14.84,14.27,15.96
,148.514,15.01,14.37,16.26
,148.755,15.16,14.45,16.54
,149.000,15.18,14.53,16.45
,149.256,15.22,14.59,16.35
,149.507,15.31,14.65,16.50
,149.763,15.40,14.69,16.65
,150.000,15.35,14.72,16.48
,150.250,15.36,14.74,16.40
,150.513,15.47,14.77,16.66
,150.766,15.57,14.78,16.90
,151.000,15.49,14.79,16.68
,151.255,15.44,14.82,16.63
,151.516,15.55,14.85,16.90
,151.762,15.61,14.86,17.06
,152.000,15.52,14.85,16.79
,152.250,15.47,14.86,16.68
,152.514,15.55,14.88,16.87
,152.752,15.57,14.88,16.95
,153.000,15.44,14.85,16.60
,153.257,15.36,14.84,16.39
,153.511,15.43,14.85,16.59
,153.756,15.53,14.86,16.87
,154.000,15.51,14.88,16.75
,154.261,15.53,14.97,16.76
,154.502,15.70,15.10,17.03
,154.765,15.88,15.24,17.30
,155.000,15.92,15.36,17.16
,155.258,16.01,15.48,17.07
,155.514,16.19,15.63,17.32
,155.755,16.35,15.74,17.61
,156.000,16.38,15.82,17.50
,156.268,16.44,15.84,17.35
,156.509,16.57,15.92,17.58
,156.751,16.74,15.99,17.91
,157.000,16.71,16.03,17.76
,157.263,16.67,16.03,17.54
,157.514,16.76,16.06,17.72
,157.762,16.96,16.10,18.13
,158.000,16.93,16.12,18.03
,158.253,16.82,16.14,17.90
,158.514,16.89,16.16,18.04
,158.753,17.05,16.18,18.41
,159.000,16.99,16.18,18.26
,159.254,16.85,16.17,18.04
,159.501,16.85,16.14,18.10
,159.765,16.97,16.10,18.51
,160.000,16.83,16.01,18.27
,160.252,16.72,15.88,17.87
,160.507,16.75,15.76,18.10
,160.768,16.91,15.69,18.56
,161.000,16.79,15.64,18.35
,161.255,16.72,15.61,18.14
,161.509,16.92,15.66,18.52
,161.767,17.21,15.74,19.09
,162.000,17.19,15.80,18.94
,162.268,17.19,15.89,18.82
,162.512,17.43,16.03,19.17
,162.760,17.69,16.18,19.57
,163.000,17.66,16.28,19.37
,163.269,17.81,16.35,19.14
,163.516,18.02,16.51,19.39
,163.770,18.30,16.69,19.78
,164.000,18.29,16.77,19.67
,164.251,18.27,16.85,19.57
,164.505,18.46,17.02,19.78
,164.770,18.76,17.23,20.18
,165.000,18.75,17.29,20.10
,165.261,18.62,17.05,19.98
,165.506,18.93,17.55,20.12
,165.761,19.17,17.71,20.43
,166.000,19.17,17.84,20.33
,166.263,19.08,17.65,20.19
,166.505,19.18,17.73,20.31
,166.765,19.38,17.83,20.59
,167.000,19.54,18.35,20.47
,167.259,19.44,17.97,20.34
,167.512,19.53,17.98,20.48
,167.758,19.73,18.06,20.75
,168.000,19.69,18.14,20.63
,168.252,19.61,18.16,20.50
,168.514,19.66,18.17,20.58
,168.757,19.78,18.18,20.77
,169.000,19.84,18.64,20.58
,169.260,19.73,18.65,20.40
,169.502,19.61,18.23,20.47
,169.764,19.71,18.19,20.66
,170.000,19.73,18.65,20.41
,170.257,19.41,18.19,20.17
,170.512,19.44,18.18,20.22
,170.752,19.56,18.17,20.42
,171.000,19.53,18.45,20.20
,171.253,19.44,18.43,20.06
,171.505,19.51,18.41,20.19
,171.766,19.64,18.37,20.42
,172.000,19.56,18.37,20.30
,172.258,19.50,18.40,20.27
,172.515,19.58,18.40,20.40
,172.771,19.71,18.39,20.63
,173.000,19.66,18.40,20.55
,173.258,19.52,18.33,20.53
,173.514,19.60,18.35,20.66
,173.759,19.74,18.35,20.91
,174.000,19.66,18.37,20.75
,174.260,19.70,18.55,20.50
,174.522,19.79,18.58,20.62
,174.760,19.92,18.61,20.83
,175.000,19.79,18.63,20.59
,175.257,19.63,18.63,20.34
,175.514,19.66,18.63,20.39
,175.768,19.78,18.62,20.60
,176.000,19.66,18.60,20.41
,176.256,19.56,18.59,20.24
,176.511,19.71,18.59,20.49
,176.751,19.92,18.57,20.88
,177.000,19.90,18.57,20.85
,177.268,19.89,18.57,20.81
,177.513,19.98,18.56,20.97
,177.766,20.12,18.54,21.22
,178.000,20.03,18.53,21.07
,178.272,19.91,18.55,21.02
,178.521,20.01,18.55,21.20
,178.758,20.15,18.55,21.46
,179.000,20.13,18.57,21.41
,179.255,20.04,18.59,21.35
,179.507,20.07,18.60,21.40
,179.751,20.19,18.61,21.61
,180.000,20.15,18.63,21.52
,180.252,20.22,18.61,21.31
,180.506,20.20,18.59,21.30
,180.754,20.31,18.58,21.49
,181.000,20.25,18.58,21.39
,181.269,20.12,18.58,21.21
,181.515,20.14,18.57,21.25
,181.754,20.30,18.57,21.52
,182.000,20.29,18.57,21.50
,182.264,20.20,18.56,21.33
,182.508,20.25,18.54,21.43
,182.766,20.46,18.53,21.80
,183.000,20.44,18.52,21.77
,183.257,20.20,18.52,22.30
,183.515,20.21,18.51,22.35
,183.766,20.37,18.49,22.73
,184.000,20.28,18.48,22.53
,184.253,20.23,18.48,21.87
,184.514,20.25,18.48,21.91
,184.768,20.33,18.49,22.05
,185.000,20.17,18.50,21.73
,185.263,20.01,18.53,21.87
,185.503,20.04,18.46,22.03
,185.757,20.24,18.47,22.47
,186.000,20.18,18.47,22.31
,186.259,20.18,18.58,22.18
,186.502,20.30,18.59,22.44
,186.757,20.53,18.61,22.95
,187.000,20.49,18.63,22.82
,187.256,20.51,18.64,22.44
,187.500,20.55,18.56,22.60
,187.757,20.80,18.70,22.97
,188.000,20.72,18.63,22.89
,188.254,20.75,18.79,22.80
,188.512,20.80,18.74,22.96
,188.760,21.02,18.79,23.36
,189.000,21.03,18.85,23.31
,189.261,20.95,18.90,23.20
,189.505,21.03,18.94,23.33
,189.768,21.22,19.00,23.65
,190.000,21.21,19.05,23.57
,190.259,21.18,19.09,23.33
,190.501,21.22,19.13,23.38
,190.758,21.35,19.17,23.61
,191.000,21.32,19.21,23.49
,191.252,21.57,19.20,23.20
,191.508,21.59,19.22,23.23
,191.758,21.70,19.24,23.39
,192.000,21.64,19.28,23.26
,192.255,21.48,19.34,23.10
,192.514,21.49,19.37,23.09
,192.764,21.56,19.40,23.18
,193.000,21.43,19.44,22.94
,193.271,21.33,19.47,22.65
,193.507,21.32,19.50,22.62
,193.763,21.36,19.51,22.68
,194.000,21.23,19.53,22.45
,194.264,20.78,19.87,22.45
,194.517,20.82,19.92,22.45
,194.758,20.91,19.94,22.67
,195.000,20.89,19.94,22.61
,195.255,20.70,20.00,22.81
,195.518,20.74,20.00,22.96
,195.764,20.79,19.98,23.20
,196.000,20.71,19.98,22.88
,196.264,20.64,19.96,22.49
,196.507,20.60,19.94,22.42
,196.755,20.55,19.88,22.37
,197.000,20.32,19.77,21.81
,197.265,20.20,19.59,21.33
,197.515,20.09,19.35,21.46
,197.760,20.04,19.08,21.80
,198.000,19.84,18.83,21.70
,198.252,19.66,18.49,21.42
,198.510,19.60,18.31,21.52
,198.766,19.61,18.13,21.82
,199.000,19.49,17.97,21.76
,199.257,19.36,17.84,21.69
,199.504,19.37,17.77,21.84
,199.765,19.49,17.74,22.18
,200.000,19.44,17.70,22.12
,200.259,19.23,17.69,22.11
,200.508,19.31,17.74,22.24
,200.768,19.47,17.81,22.56
,201.000,19.47,17.86,22.47
,201.254,19.23,17.94,22.45
,201.506,19.31,18.01,22.53
,201.765,19.43,18.09,22.76
,202.000,19.42,18.16,22.55
,202.262,19.59,18.24,22.11
,202.502,19.61,18.29,22.08
,202.767,19.68,18.36,22.15
,203.000,19.59,18.38,21.86
,203.267,19.88,18.51,21.30
,203.506,19.87,18.48,21.30
,203.759,19.93,18.46,21.47
,204.000,19.88,18.45,21.37
,204.251,19.54,18.46,21.58
,204.509,19.53,18.40,21.65
,204.760,19.63,18.35,22.02
,205.000,19.57,18.30,21.96
,205.259,19.49,18.25,21.72
,205.501,19.48,18.22,21.73
,205.757,19.55,18.22,21.94
,206.000,19.50,18.24,21.75
,206.250,19.14,18.17,21.89
,206.503,19.22,18.30,21.82
,206.767,19.28,18.32,21.97
,207.000,19.24,18.36,21.72
,207.252,19.36,18.39,21.28
,207.508,19.40,18.42,21.34
,207.756,19.46,18.44,21.50
,208.000,19.43,18.46,21.37
,208.259,19.34,18.50,21.28
,208.518,19.38,18.53,21.36
,208.768,19.48,18.55,21.64
,209.000,19.46,18.56,21.56
,209.270,19.51,18.57,21.26
,209.516,19.55,18.59,21.34
,209.756,19.62,18.59,21.53
,210.000,19.55,18.59,21.33
,210.253,19.27,18.61,21.74
,210.513,19.29,18.62,21.82
,210.751,19.36,18.62,22.15
,211.000,19.35,18.62,22.09
,211.261,19.63,18.60,21.33
,211.516,19.69,18.61,21.47
,211.769,19.77,18.63,21.67
,212.000,19.71,18.64,21.49
,212.257,19.86,18.65,21.14
,212.502,19.91,18.69,21.21
,212.752,19.99,18.71,21.35
,213.000,19.85,18.71,21.07
,213.251,19.59,18.73,20.93
,213.505,19.54,18.72,20.82
,213.757,19.53,18.69,20.82
,214.000,19.34,18.63,20.43
,214.257,19.18,18.56,20.16
,214.501,19.19,18.46,20.35
,214.768,19.38,18.29,21.09
,215.000,19.33,18.12,21.26
,215.268,19.42,17.89,21.06
,215.507,19.40,17.79,21.15
,215.767,19.52,17.74,21.42
,216.000,19.50,17.75,21.38
,216.253,19.63,17.76,21.18
,216.512,19.71,17.83,21.26
,216.763,19.87,17.93,21.48
,217.000,19.89,18.07,21.39
,217.262,19.74,18.19,21.39
,217.507,19.79,18.27,21.41
,217.766,19.92,18.35,21.59
,218.000,19.90,18.43,21.47
,218.273,19.90,18.53,21.33
,218.504,19.97,18.60,21.38
,218.754,20.10,18.66,21.60
,219.000,20.03,18.68,21.43
,219.265,19.76,18.74,21.36
,219.508,19.76,18.76,21.34
,219.773,19.89,18.82,21.56
,220.000,19.83,18.82,21.41
,220.262,19.51,18.78,21.58
,220.503,19.58,18.84,21.63
,220.770,19.74,18.88,22.15
,221.000,19.79,18.93,22.19
,221.255,19.93,18.94,21.66
,221.512,20.02,19.00,21.81
,221.772,20.21,19.05,22.23
,222.000,20.20,19.07,22.19
,222.250,20.02,19.11,22.38
,222.522,20.05,19.13,22.41
,222.750,20.12,19.16,22.62
,223.000,20.09,19.19,22.42
,223.255,20.32,19.38,21.78
,223.518,20.22,19.21,21.81
,223.769,20.29,19.22,21.96
,224.000,20.21,19.23,21.74
,224.267,20.14,19.23,21.51
,224.513,20.15,19.23,21.54
,224.751,20.25,19.24,21.77
,225.000,20.25,19.24,21.78
,225.262,20.26,19.21,21.78
,225.501,20.32,19.20,21.96
,225.753,20.44,19.19,22.27
,226.000,20.37,19.18,22.12
,226.258,20.34,19.17,21.84
,226.501,20.36,19.18,21.87
,226.759,20.46,19.18,22.07
,227.000,20.40,19.19,21.94
,227.265,20.35,19.21,21.82
,227.509,20.39,19.24,21.90
,227.765,20.51,19.26,22.15
,228.000,20.57,19.46,22.02
,228.264,20.09,19.29,22.32
,228.515,20.25,19.49,22.37
,228.755,20.34,19.50,22.69
,229.000,20.32,19.52,22.57
,229.273,20.39,19.54,22.13
,229.505,20.33,19.41,22.21
,229.771,20.47,19.44,22.56
,230.000,20.55,19.62,22.46
,230.273,20.52,19.65,22.24
,230.504,20.56,19.68,22.32
,230.775,20.61,19.57,22.66
,231.000,20.71,19.75,22.60
,231.270,20.57,19.64,22.46
,231.523,20.64,19.69,22.56
,231.770,20.77,19.75,22.83
,232.000,20.75,19.79,22.72
,232.250,20.70,19.81,22.50
,232.523,20.69,19.81,22.47
,232.758,20.73,19.81,22.59
,233.000,20.63,19.80,22.30
,233.254,20.41,19.80,22.08
,233.517,20.37,19.78,21.98
,233.767,20.40,19.77,22.09
,234.000,20.32,19.77,21.82
,234.256,20.25,19.76,21.52
,234.517,20.25,19.75,21.55
,234.768,20.32,19.73,21.86
,235.000,20.28,19.71,21.78
,235.258,20.40,19.66,21.50
,235.524,20.41,19.63,21.59
,235.759,20.49,19.61,21.83
,236.000,20.44,19.57,21.75
,236.265,20.31,19.54,21.62
,236.504,20.30,19.50,21.66
,236.768,20.36,19.46,21.90
,237.000,20.30,19.43,21.79
,237.252,19.91,19.41,21.90
,237.524,19.90,19.37,21.97
,237.756,19.93,19.35,22.21
,238.000,19.89,19.33,22.09
,238.258,19.84,19.31,21.92
,238.517,19.85,19.30,21.98
,238.764,19.89,19.29,22.23
,239.000,19.87,19.29,22.11
,239.268,20.19,19.27,21.60
,239.515,20.20,19.28,21.65
,239.753,20.28,19.28,21.83
,240.000,20.23,19.28,21.72
,240.267,20.15,19.27,21.57
,240.517,20.15,19.26,21.57
,240.763,20.18,19.25,21.67
,241.000,20.10,19.23,21.50
,241.253,19.92,19.21,21.39
,241.512,19.89,19.18,21.33
,241.766,19.89,19.15,21.42
,242.000,19.84,19.15,21.25
,242.267,19.76,19.08,21.11
,242.517,19.74,19.03,21.15
,242.754,19.77,18.98,21.34
,243.000,19.65,18.88,21.18
,243.269,19.56,18.85,21.01
,243.520,19.56,18.83,21.05
,243.760,19.62,18.82,21.24
,244.000,19.58,18.82,21.12
,244.251,18.96,18.96,-99.00
,244.509,18.96,18.96,-99.00
,244.758,18.97,18.97,-99.00
,245.000,18.98,18.98,-99.00
,245.272,18.87,18.87,-99.00
,245.514,18.88,18.88,-99.00
,245.772,18.89,18.89,-99.00
,246.000,18.88,18.88,-99.00
,246.260,18.88,18.88,-99.00
,246.522,19.02,19.02,-99.00
,246.750,18.92,18.92,-99.00
,247.000,18.92,18.92,-99.00
,247.251,18.99,18.99,-99.00
,247.504,18.96,18.96,-99.00
,247.752,18.92,18.92,-99.00
,248.000,18.88,18.88,-99.00
,248.267,18.95,18.95,-99.00
,248.520,18.90,18.90,-99.00
,248.770,18.84,18.84,-99.00
,249.000,18.77,18.77,-99.00
,249.254,18.42,18.42,-99.00
,249.512,18.31,18.31,-99.00
,249.758,18.23,18.23,-99.00
,250.000,18.15,18.15,-99.00
,250.272,18.12,18.12,-99.00
,250.523,18.08,18.08,-99.00
,250.763,18.06,18.06,-99.00
,251.000,18.03,18.03,-99.00
,251.268,17.93,17.93,-99.00
,251.513,17.89,17.89,-99.00
,251.770,17.86,17.86,-99.00
,252.000,17.83,17.83,-99.00
,252.272,17.84,17.84,-99.00
,252.500,17.82,17.82,-99.00
,252.761,17.81,17.81,-99.00
,253.000,17.80,17.80,-99.00
,253.254,17.71,17.71,-99.00
,253.507,17.67,17.67,-99.00
,253.766,17.64,17.64,-99.00
,254.000,17.60,17.60,-99.00
,254.259,17.56,17.56,-99.00
,254.519,17.51,17.51,-99.00
,254.753,17.46,17.46,-99.00
,255.000,17.41,17.41,-99.00
,255.269,17.39,17.39,-99.00
,255.503,17.30,17.30,-99.00
,255.753,17.17,17.17,-99.00
,256.000,17.04,17.04,-99.00
,256.257,16.83,16.83,-99.00
,256.520,16.72,16.72,-99.00
,256.759,16.66,16.66,-99.00
,257.000,16.61,16.61,-99.00
,257.255,16.54,16.54,-99.00
,257.516,16.51,16.51,-99.00
,257.752,16.51,16.51,-99.00
,258.000,16.52,16.52,-99.00
,258.271,16.58,16.58,-99.00
,258.503,16.64,16.64,-99.00
,258.761,16.71,16.71,-99.00
,259.000,16.81,16.81,-99.00
,259.275,16.88,16.88,-99.00
,259.503,16.92,16.92,-99.00
,259.756,16.96,16.96,-99.00
,260.000,17.00,17.00,-99.00
,260.268,17.11,17.11,-99.00
,260.514,17.18,17.18,-99.00
,260.752,17.25,17.25,-99.00
,261.000,17.32,17.32,-99.00
,261.277,17.38,17.38,-99.00
,261.519,17.44,17.44,-99.00
,261.758,17.51,17.51,-99.00
,262.000,17.58,17.58,-99.00
,262.266,17.50,17.50,-99.00
,262.511,17.55,17.55,-99.00
,262.753,17.57,17.57,-99.00
,263.000,17.59,17.59,-99.00
,263.268,17.61,17.61,-99.00
,263.511,17.65,17.65,-99.00
,263.766,17.67,17.67,-99.00
,264.000,17.69,17.69,-99.00
,264.272,17.72,17.72,-99.00
,264.516,17.73,17.73,-99.00
,264.751,17.72,17.72,-99.00
,265.000,17.71,17.71,-99.00
,265.261,17.67,17.67,-99.00
,265.514,17.66,17.66,-99.00
,265.770,17.64,17.64,-99.00
,266.000,17.62,17.62,-99.00
,266.274,17.60,17.60,-99.00
,266.524,17.56,17.56,-99.00
,266.766,17.52,17.52,-99.00
,267.000,17.47,17.47,-99.00
,267.266,17.42,17.42,-99.00
,267.526,17.36,17.36,-99.00
,267.757,17.32,17.32,-99.00
,268.000,17.30,17.30,-99.00
,268.254,17.30,17.30,-99.00
,268.508,17.31,17.31,-99.00
,268.754,17.34,17.34,-99.00
,269.000,17.37,17.37,-99.00
,269.256,17.44,17.44,-99.00
,269.525,17.50,17.50,-99.00
,269.755,17.54,17.54,-99.00
,270.000,17.59,17.59,-99.00
,270.276,17.63,17.63,-99.00
,270.522,17.69,17.69,-99.00
,270.761,17.74,17.74,-99.00
,271.000,17.79,17.79,-99.00
,271.262,17.83,17.83,-99.00
,271.523,18.01,18.01,-99.00
,271.751,18.07,18.07,-99.00
,272.000,17.99,17.99,-99.00
,272.284,18.07,18.07,-99.00
,272.501,18.10,18.10,-99.00
,272.756,18.14,18.14,-99.00
,273.000,18.18,18.18,-99.00
,273.276,18.21,18.21,-99.00
,273.509,18.23,18.23,-99.00
,273.776,18.25,18.25,-99.00
,274.000,18.27,18.27,-99.00
,274.266,18.26,18.26,-99.00
,274.532,18.39,18.39,-99.00
,274.754,18.39,18.39,-99.00
,275.000,18.34,18.34,-99.00
,275.263,18.41,18.41,-99.00
,275.530,18.41,18.41,-99.00
,275.757,18.41,18.41,-99.00
,276.000,18.40,18.40,-99.00
,276.268,18.30,18.30,-99.00
,276.534,18.42,18.42,-99.00
,276.754,18.42,18.42,-99.00
,277.000,18.41,18.41,-99.00
,277.256,18.42,18.42,-99.00
,277.516,18.39,18.39,-99.00
,277.768,18.38,18.38,-99.00
,278.000,18.36,18.36,-99.00
,278.278,18.32,18.32,-99.00
,278.520,18.30,18.30,-99.00
,278.754,18.27,18.27,-99.00
,279.000,18.20,18.20,-99.00
,279.277,18.15,18.15,-99.00
,279.524,18.12,18.12,-99.00
,279.764,18.09,18.09,-99.00
,280.000,18.07,18.07,-99.00
,280.275,18.04,18.04,-99.00
,280.514,18.01,18.01,-99.00
,280.768,17.99,17.99,-99.00
,281.000,17.96,17.96,-99.00
,281.264,17.94,17.94,-99.00
,281.525,17.92,17.92,-99.00
,281.779,17.89,17.89,-99.00
,282.000,17.87,17.87,-99.00
,282.258,17.84,17.84,-99.00
,282.521,17.81,17.81,-99.00
,282.776,17.79,17.79,-99.00
,283.000,17.76,17.76,-99.00
,283.261,17.75,17.75,-99.00
,283.522,17.73,17.73,-99.00
,283.768,17.72,17.72,-99.00
,284.000,17.71,17.71,-99.00
,284.274,17.70,17.70,-99.00
,284.523,17.69,17.69,-99.00
,284.768,17.69,17.69,-99.00
,285.000,17.68,17.68,-99.00
,285.250,17.65,17.65,-99.00
,285.503,17.63,17.63,-99.00
,285.767,17.61,17.61,-99.00
,286.000,17.59,17.59,-99.00
,286.262,17.57,17.57,-99.00
,286.512,17.56,17.56,-99.00
,286.777,17.55,17.55,-99.00
,287.000,17.53,17.53,-99.00
,287.257,17.51,17.51,-99.00
,287.524,17.48,17.48,-99.00
,287.772,17.45,17.45,-99.00
,288.000,17.42,17.42,-99.00
,288.267,17.37,17.37,-99.00
,288.504,17.33,17.33,-99.00
,288.771,17.30,17.30,-99.00
,289.000,17.28,17.28,-99.00
,289.277,17.26,17.26,-99.00
,289.528,17.25,17.25,-99.00
,289.770,17.25,17.25,-99.00
,290.000,17.24,17.24,-99.00
,290.256,17.22,17.22,-99.00
,290.512,17.21,17.21,-99.00
,290.780,17.20,17.20,-99.00
,291.000,17.20,17.20,-99.00
,291.276,17.21,17.21,-99.00
,291.520,17.21,17.21,-99.00
,291.760,17.21,17.21,-99.00
,292.000,17.21,17.21,-99.00
,292.261,17.22,17.22,-99.00
,292.522,17.22,17.22,-99.00
,292.778,17.21,17.21,-99.00
,293.000,17.20,17.20,-99.00
,293.261,17.18,17.18,-99.00
,293.525,17.16,17.16,-99.00
,293.759,17.12,17.12,-99.00
,294.000,17.08,17.08,-99.00
,294.274,17.04,17.04,-99.00
,294.515,17.01,17.01,-99.00
,294.778,16.97,16.97,-99.00
,295.000,16.94,16.94,-99.00
,295.274,16.88,16.88,-99.00
,295.521,16.81,16.81,-99.00
,295.766,16.74,16.74,-99.00
,296.000,16.68,16.68,-99.00
,296.253,16.63,16.63,-99.00
,296.508,16.59,16.59,-99.00
,296.758,16.56,16.56,-99.00
,297.000,16.53,16.53,-99.00
,297.281,16.49,16.49,-99.00
,297.529,16.46,16.46,-99.00
,297.772,16.43,16.43,-99.00
,298.000,16.41,16.41,-99.00
,298.267,16.38,16.38,-99.00
,298.504,16.35,16.35,-99.00
,298.767,16.32,16.32,-99.00
,299.000,16.30,16.30,-99.00
,299.265,16.29,16.29,-99.00
,299.503,16.26,16.26,-99.00
,299.770,16.22,16.22,-99.00
,300.000,16.18,16.18,-99.00
,300.266,16.13,16.13,-99.00
,300.503,16.08,16.08,-99.00
,300.768,16.03,16.03,-99.00
,301.000,15.98,15.98,-99.00
,301.266,15.89,15.89,-99.00
,301.528,15.83,15.83,-99.00
,301.755,15.78,15.78,-99.00
,302.000,15.73,15.73,-99.00
,302.273,15.68,15.68,-99.00
,302.513,15.63,15.63,-99.00
,302.773,15.58,15.58,-99.00
,303.000,15.54,15.54,-99.00
,303.252,15.49,15.49,-99.00
,303.501,15.45,15.45,-99.00
,303.773,15.40,15.40,-99.00
,304.000,15.36,15.36,-99.00
,304.273,15.31,15.31,-99.00
,304.521,15.25,15.25,-99.00
,304.769,15.18,15.18,-99.00
,305.000,15.09,15.09,-99.00
,305.266,15.08,15.08,-99.00
,305.511,14.96,14.96,-99.00
,305.757,14.88,14.88,-99.00
,306.000,14.82,14.82,-99.00
,306.254,14.61,14.61,-99.00
,306.506,14.52,14.52,-99.00
,306.753,14.45,14.45,-99.00
,307.000,14.38,14.38,-99.00
,307.264,14.48,14.48,-99.00
,307.507,14.47,14.47,-99.00
,307.773,14.44,14.44,-99.00
,308.000,14.41,14.41,-99.00
,308.270,14.25,14.25,-99.00
,308.514,14.18,14.18,-99.00
,308.760,14.13,14.13,-99.00
,309.000,14.08,14.08,-99.00
,309.274,13.98,13.98,-99.00
,309.523,13.93,13.93,-99.00
,309.771,13.88,13.88,-99.00
,310.000,13.83,13.83,-99.00
,310.274,13.77,13.77,-99.00
,310.524,13.70,13.70,-99.00
,310.770,13.64,13.64,-99.00
,311.000,13.57,13.57,-99.00
,311.269,13.51,13.51,-99.00
,311.511,13.45,13.45,-99.00
,311.751,13.39,13.39,-99.00
,312.000,13.33,13.33,-99.00
,312.261,13.28,13.28,-99.00
,312.524,13.22,13.22,-99.00
,312.760,13.17,13.17,-99.00
,313.000,13.11,13.11,-99.00
,313.255,13.05,13.05,-99.00
,313.508,12.99,12.99,-99.00
,313.762,12.93,12.93,-99.00
,314.000,12.86,12.86,-99.00
,314.252,12.78,12.78,-99.00
,314.502,12.70,12.70,-99.00
,314.750,12.61,12.61,-99.00
,315.000,12.52,12.52,-99.00
,315.271,12.44,12.44,-99.00
,315.519,12.35,12.35,-99.00
,315.764,12.27,12.27,-99.00
,316.000,12.18,12.18,-99.00
,316.269,12.08,12.08,-99.00
,316.516,11.97,11.97,-99.00
,316.763,11.86,11.86,-99.00
,317.000,11.76,11.76,-99.00
,317.250,11.66,11.66,-99.00
,317.502,11.55,11.55,-99.00
,317.755,11.44,11.44,-99.00
,318.000,11.33,11.33,-99.00
,318.256,11.25,11.25,-99.00
,318.515,11.16,11.16,-99.00
,318.751,11.07,11.07,-99.00
,319.000,10.97,10.97,-99.00
,319.262,10.84,10.84,-99.00
,319.500,10.75,10.75,-99.00
,319.761,10.67,10.67,-99.00
,320.000,10.60,10.60,-99.00
,320.260,10.54,10.54,-99.00
,320.521,10.49,10.49,-99.00
,320.757,10.46,10.46,-99.00
,321.000,10.42,10.42,-99.00
,321.254,10.39,10.39,-99.00
,321.507,10.36,10.36,-99.00
,321.759,10.34,10.34,-99.00
,322.000,10.31,10.31,-99.00
,322.255,10.29,10.29,-99.00
,322.512,10.26,10.26,-99.00
,322.773,10.24,10.24,-99.00
,323.000,10.22,10.22,-99.00
,323.265,10.23,10.23,-99.00
,323.509,10.21,10.21,-99.00
,323.756,10.16,10.16,-99.00
,324.000,10.10,10.10,-99.00
,324.253,9.99,9.99,-99.00
,324.509,9.89,9.89,-99.00
,324.764,9.80,9.80,-99.00
,325.000,9.72,9.72,-99.00
,325.256,9.66,9.66,-99.00
,325.510,9.59,9.59,-99.00
,325.763,9.54,9.54,-99.00
,326.000,9.49,9.49,-99.00
,326.254,9.47,9.47,-99.00
,326.506,9.45,9.45,-99.00
,326.756,9.43,9.43,-99.00
,327.000,9.42,9.42,-99.00
,327.274,9.44,9.44,-99.00
,327.524,9.44,9.44,-99.00
,327.773,9.44,9.44,-99.00
,328.000,9.43,9.43,-99.00
,328.250,9.39,9.39,-99.00
,328.501,9.36,9.36,-99.00
,328.751,9.32,9.32,-99.00
,329.000,9.29,9.29,-99.00
,329.253,9.24,9.24,-99.00
,329.508,9.19,9.19,-99.00
,329.762,9.13,9.13,-99.00
,330.000,9.05,9.05,-99.00
,330.255,8.95,8.95,-99.00
,330.511,8.84,8.84,-99.00
,330.766,8.72,8.72,-99.00
,331.000,8.61,8.61,-99.00
,331.256,8.51,8.51,-99.00
,331.512,8.42,8.42,-99.00
,331.768,8.33,8.33,-99.00
,332.000,8.24,8.24,-99.00
,332.259,8.17,8.17,-99.00
,332.520,8.11,8.11,-99.00
,332.755,8.05,8.05,-99.00
,333.000,8.00,8.00,-99.00
,333.265,7.95,7.95,-99.00
,333.505,7.91,7.91,-99.00
,333.773,7.87,7.87,-99.00
,334.000,7.83,7.83,-99.00
,334.272,7.80,7.80,-99.00
,334.519,7.76,7.76,-99.00
,334.768,7.72,7.72,-99.00
,335.000,7.67,7.67,-99.00
,335.252,7.64,7.64,-99.00
,335.505,7.58,7.58,-99.00
,335.760,7.51,7.51,-99.00
,336.000,7.44,7.44,-99.00
,336.258,7.36,7.36,-99.00
,336.517,7.28,7.28,-99.00
,336.776,7.22,7.22,-99.00
,337.000,7.17,7.17,-99.00
,337.260,7.11,7.11,-99.00
,337.518,7.05,7.05,-99.00
,337.775,7.00,7.00,-99.00
,338.000,6.95,6.95,-99.00
,338.253,6.99,6.99,-99.00
,338.505,6.97,6.97,-99.00
,338.757,6.95,6.95,-99.00
,339.000,6.93,6.93,-99.00
,339.255,6.82,6.82,-99.00
,339.510,6.77,6.77,-99.00
,339.765,6.73,6.73,-99.00
,340.000,6.69,6.69,-99.00
,340.254,6.68,6.68,-99.00
,340.507,6.65,6.65,-99.00
,340.760,6.61,6.61,-99.00
,341.000,6.56,6.56,-99.00
,341.253,6.48,6.48,-99.00
,341.506,6.41,6.41,-99.00
,341.758,6.32,6.32,-99.00
,342.000,6.23,6.23,-99.00
,342.275,6.30,6.30,-99.00
,342.522,6.25,6.25,-99.00
,342.769,6.19,6.19,-99.00
,343.000,6.12,6.12,-99.00
,343.274,6.09,6.09,-99.00
,343.521,6.06,6.06,-99.00
,343.770,6.02,6.02,-99.00
,344.000,5.99,5.99,-99.00
,344.254,5.70,5.70,-99.00
,344.507,5.55,5.55,-99.00
,344.759,5.45,5.45,-99.00
,345.000,5.37,5.37,-99.00
,345.260,5.73,5.73,-99.00
,345.512,5.79,5.79,-99.00
,345.766,5.81,5.81,-99.00
,346.000,5.82,5.82,-99.00
,346.269,5.15,5.15,-99.00
,346.516,4.98,4.98,-99.00
,346.759,4.89,4.89,-99.00
,347.000,4.85,4.85,-99.00
,347.250,5.27,5.27,-99.00
,347.502,5.36,5.36,-99.00
,347.761,5.40,5.40,-99.00
,348.000,5.45,5.45,-99.00
,348.258,5.57,5.57,-99.00
,348.508,5.65,5.65,-99.00
,348.770,5.71,5.71,-99.00
,349.000,5.76,5.76,-99.00
,349.269,5.42,5.42,-99.00
,349.520,5.35,5.35,-99.00
,349.751,5.34,5.34,-99.00
,350.000,5.33,5.33,-99.00
,350.261,5.29,5.29,-99.00
,350.522,5.28,5.28,-99.00
,350.755,5.29,5.29,-99.00
,351.000,5.32,5.32,-99.00
,351.261,5.38,5.38,-99.00
,351.512,5.43,5.43,-99.00
,351.754,5.47,5.47,-99.00
,352.000,5.51,5.51,-99.00
,352.268,5.57,5.57,-99.00
,352.513,5.60,5.60,-99.00
,352.756,5.63,5.63,-99.00
,353.000,5.64,5.64,-99.00
,353.257,5.65,5.65,-99.00
,353.513,5.66,5.66,-99.00
,353.751,5.66,5.66,-99.00
,354.000,5.65,5.65,-99.00
,354.260,5.62,5.62,-99.00
,354.502,5.60,5.60,-99.00
,354.764,5.58,5.58,-99.00
,355.000,5.56,5.56,-99.00
,355.264,5.57,5.57,-99.00
,355.510,5.51,5.51,-99.00
,355.760,5.47,5.47,-99.00
,356.000,5.43,5.43,-99.00
,356.257,5.45,5.45,-99.00
,356.519,5.41,5.41,-99.00
,356.764,5.38,5.38,-99.00
,357.000,5.34,5.34,-99.00
,357.268,5.25,5.25,-99.00
,357.512,5.25,5.25,-99.00
,357.752,5.24,5.24,-99.00
,358.000,5.22,5.22,-99.00
,358.266,5.22,5.22,-99.00
,358.507,5.17,5.17,-99.00
,358.762,5.13,5.13,-99.00
,359.000,5.09,5.09,-99.00
,359.251,5.07,5.07,-99.00
,359.504,5.05,5.05,-99.00
,359.759,5.03,5.03,-99.00
,360.000,5.02,5.02,-99.00
,360.260,5.00,5.00,-99.00
,360.502,5.01,5.01,-99.00
,360.764,5.02,5.02,-99.00
,361.000,5.03,5.03,-99.00
,361.267,5.04,5.04,-99.00
,361.500,5.05,5.05,-99.00
,361.756,5.06,5.06,-99.00
,362.000,5.07,5.07,-99.00
,362.266,5.16,5.16,-99.00
,362.502,5.18,5.18,-99.00
,362.770,5.19,5.19,-99.00
,363.000,5.19,5.19,-99.00
,363.274,5.19,5.19,-99.00
,363.518,5.14,5.14,-99.00
,363.759,5.17,5.17,-99.00
,364.000,5.15,5.15,-99.00
,364.269,5.14,5.14,-99.00
,364.526,5.11,5.11,-99.00
,364.753,5.08,5.08,-99.00
,365.000,5.00,5.00,-99.00
